label,x,y,z
anus,-14.70859084934152,44.87452216959426,-88.18978167704395
coccyx inferior,-19.182349563708087,81.30180812322148,-51.93594018961698
obstetrical symph top,-3.378998952026308,-30.37497701092377,-68.11795562198947
symph inferior,-7.996581337347408,-1.410142048455043,-97.505983648597
symph superior,-0.6084495208336307,-40.35482506055863,-70.34995775059257
urethra,-8.696079687898134,11.459195844858122,-98.35384386925176
vertebra caudo-cranial 1,-18.94890821350944,89.03924240336899,-37.427926353696805
vertebra caudo-cranial 2,-17.411077712203905,93.95955001262256,-22.427978077834737
vertebra caudo-cranial 3,-14.772941828714238,90.55455151406,-1.7098466088989266
