label,x,y,z
anus,-0.5731189722675367,29.644566394779787,-50.9869
coccyx inferior,-6.797024042619611,52.296412733314654,13.26860957812983
obstetrical symph top,-1.48750417446864,-51.922171387513615,-7.583292094589751
symph inferior,-1.037582023894288,-23.53107502653664,-25.9868887963913
symph superior,-0.93410967905578,-63.08175548537294,-9.764087201623395
urethra,0.1022781970264645,-16.699477650897215,-32.47001663947796
vertebra caudo-cranial 1,-5.825385500462516,66.9529814634605,47.115912958880784
vertebra caudo-cranial 2,-5.825385500462516,62.72895208770164,55.2823697520146
vertebra caudo-cranial 3,-5.825385500462517,58.75185286591186,64.53673929819966
